{
  "eye": {
    "orientation": [
      -0.3047333359718323,
      0.07575768232345581,
      -0.5748607516288757,
      0.7556014060974121
    ],
    "magnitude": 1,
    "position": [
      646.44384765625,
      50.0089225769043,
      85.17998504638672
    ]
  },
  "radius": 793.2212524414062,
  "type": "PERSPECTIVE"
}